,node1,node2
0,0x9c1e38fb29e4269292ae640b6e0f107dcc69535d,0x98416a54043d277dea1725fbba56e77b3fb64743
1,0x9ea0fe988bc7a57deabd3efae79dec6af10e5210,0xe6184da55174cc0263a17ea2fc24e48511766505
2,0xea53bf838de65d565f4c45a265fb12f56fa4492e,0x3fa930a14c9a35b6d4b3babaae395384eadd0d1f
3,0x358a906ca407a35de33b930aa7cf49a301a4def1,0xa753e050948ff5bfb4b695f870b3407f85f6def1
4,0xef5e1009123c0948e2b1c2b9788eaf92af5c7e0c,0x0f8bd109e210470c5595af91e5984e8249e147d1
5,0x4c9d4a1310639da40bd47b68553ed6eb366db22c,0xd8da6bf26964af9d7eed9e03e53415d37aa96045
6,0xbd2940e549c38cc6b201767a0238c2c07820ef35,0xbc5ec594509ed050f4a53eee85d92af6d2529b56
7,0x02eeef039702af10806e9e881fb034468a791471,0x6b6715a838d6613bc02a17821a1a37aa5af4c27f
8,0x809fa673fe2ab515faa168259cb14e2bedebf68e,0x839395e20bbb182fa440d08f850e6c7a8f6f0780
9,0xfa45c6991a2c3d74ada3a279e21135133ce3da8a,0xbc8dafeaca658ae0857c80d8aa6de4d487577c63
10,0x094edef2a24b37e6182f1714bb0c555262d3694c,0xea3246957e3548fadf56301af6e020fa288af8ba
11,0x29b9d8b112f97b637c134579b9d10a4f4fcac7ec,0x278b24ea2dfed88f2e61d3053bf9ca736b566666
12,0x7e7d464f6d029e4ffab38f3e188b7ecf6e88391a,0xd983e22dcf4599195e775df87cd81d73e5948088
13,0x4de6c05654503d0c54d44d68493308fbb5b0a886,0x6996c90cedd6b7ef51971b4daae8c543aee529cb
14,0x892806687a37d6cad269fb36eb9f811df74079d2,0x67caecd3ed72c48ca898b5a26bcbfee4ee1190ae
15,0x69863cdd8a25bae9a57271f7a29a76764da87f1a,0x733371d7c15acecf9e120dd037d6bcdb6e069148
16,0xe969bf18fbc0ed94fbeb0821d347d0525a2c880a,0x46b8ffc41f26cd896e033942caf999b78d10c277
17,0xe87d537d0f86e83e61364ce0ee687a7d22911a83,0x276b0521b0e68b277df0bb32f3fd48326350bfb2
18,0x797bba8c95580f4717d320fffbe4c4fda677cb5f,0x1311352016634163d45681c8c5557c8cebf1cb7e
19,0x28ae488c374619306cf80c04e0ac010c5aafcfbe,0x372973309f827b5c3864115ce121c96ef9cb1658
20,0xdd9fbfa03c94a64b0686d2186e42aa24ef007a42,0x05fdaf0d7c8e6977f2bcb6b881da84665a9cf510
21,0x8a8b65af44adf126faf6e98ca02174dff2d452df,0x0000002e4f99cb1e699042699b91623b1334d2f7
22,0x0b157ac0a65319b0a18aa46b0b0d4497e1074456,0xb5cd48dd89c063b5a3fe1bcc325364be62fc0f00
23,0xe91c4a43d9acbfdbbf6ca6609bad04f6effc86ff,0xd72636a7ff9471c82d7ba55c995711664c4307d0
24,0xf8c03084e6a0e021dd1ea0445c2a4e25339c7a4b,0xb565f31fb338fadd21896bbc5d6723d0671cc0fc
25,0x1455f0b4c58906463f87aba9e84f101124926043,0x17037424cc2303bb97285b1bb3c355af044aca58
26,0xc9e2b6d7791c904421cf3d10cfc9e6eb8a258be7,0xcb42f27583f6cd0ec2d0757482eaf95575dbdb94
27,0x452accee676118daa9277b4aaede6e2ad99c9105,0xe51904febf8901666873c0cba36ba97d7f8690cd
28,0x2b9324f66b7733202261777726d8f9720285cb8a,0x800366f5cb71966d5e10fa4ee0222d2395588d2a
29,0x4b1a187d7e6d8f2eb3ac46961db3468fb824e991,0x3602d95f4e9c134c0cbd9a4639a75c5c2630c863
30,0xe44799ef334df157e0f8e2855e5ebebdbc02b299,0xa10753468d7eaf706a91a7ae5c021aaea2aad7d8
31,0xf3e3aba2fd27541966a77e4a83a49af8e21f2cde,0x9f94f3fe1b826346069cb5d4e013661d90f91460
32,0x5e7b645d5bf86750cb1913122ba8a8545e2a9fd1,0xfd1af514b8b2bf00d1999497668bff26ccdf4c8a
33,0xb4d6eaea0009cb185b7b4907245676000b8fbab7,0xe590387f44adfd82861abe02d02d23630d0b36b5
34,0x7679450156e4672756f2ea024921a521b8f1c444,0xb83c13345c6629d5997d9a804488b24e16f68828
35,0x97a3211908d337e399b6822ecb20cca1e2038074,0x3b1d3783d3a66e714761515e80ba41dce6279597
36,0x6fbf8fb9ff39a9318b0e096b3a15120c4ab933ef,0x41a2296ca2761705b79158579dd2152350b41040
37,0x2f116785e09488737ae32fdc699da93f03828068,0xdbe9fe36b710d1ee3f80c0dca9eef065619b9623
38,0x397f694ff30b36ee0a18ee36dde6c47f1efcf84a,0x7a171d1b828961c9ab984fbc790288d142aa3472
39,0xbe75e3cf8f59dd37cea596e9dd8f54be9350ac59,0xbe4cd69f7640de763441a599f704dfe7fb0f6940
40,0xcbafdae054f24e2e6c4a3dc70e85db8b13b56ab4,0x4de9269abf8252bf2307de0b97fa628fa56ba69c
41,0x147b3d45d68cfe67b247dfb32f1f06e03e0686a7,0x31b2d5f134de0a737360693ed5d5bd42b705bca2
42,0x994560fc97df48d88f40b3a242d652cb2999d763,0xe024f317cd7ae5cf4f6c527be180f6386f4a199e
43,0x5a9e792143bf2708b4765c144451dca54f559a19,0xe5859cbc7a5c954d33480e67266c2bbc919a966e
44,0x24040d8cd8e8efa6c63d99009988656202a838e8,0xcaeea4b1750f31abdf6f4c60044d4c1e7a98c9f9
45,0xaaa8a090e78724c8e3f3de407205fff160017568,0x0bc91ede1c95d1e5a11e86eeaa2a873070ee571c
46,0x6e43d04a2c8b8dc3a6fa9dd35711559b493543d1,0x1c053ccbca2784b8b5eea4b51eb6ad9cb10a54b8
47,0xc207a82f6be2e1f2946601524d91b509ac83cb94,0x24b333f62ca8317410660f59fa69da5c08785eb0
48,0xf946d2068a549b3225cf188339010a8383dea5f1,0x2d049754f4a9758d64813de48657cb7af30cadf2
49,0x6acccee5fe331b1fd9bc2363c7b5a6dfd34e4426,0xd76040b01fa18843f8983dbb1b40d3a64b5b771a
50,0xdea6ad2c228585a104fca2306061be60edd0202a,0x08e7cb598678fd055f07f352faeb1662e0f5760e
51,0x9af3c70ea4f171a9489f2c40db63655eb2d6fd42,0xd3d1b3c009991006d6efe35af9b975f26079f548
52,0x0b3b265e5353aa3aa9c05ccc985aae2d8130890a,0x447a7ca61db527acfee01faf6510e7ee2e8bcc20
53,0xceb8237a1cbb5823e0739e98d8971ce300a83b96,0x28751d69ca780f7e7520dc7c131e91ca2ffc6696
54,0xe8f287f068ffc61bd363c1315cbaec366b200c4a,0x00beeb85d617364526a34e8402ee082697d3beb6
55,0x116611ebc0498763e2afcaebf876cbb14e3ac163,0x1dd5aa6c3e70d434efaa45128dbd534d7ecf5794
56,0x4c0a466df0628fe8699051b3ac6506653191cc21,0xc57c5ae582708e619ec1ba7513480b2e7540935f
57,0x3ece8d40dac89ffb408f7cb5eaf24ab6a3135028,0xe882b89577e4c1918d3e3bb653d8f7c51d6ef5d7
58,0x4d1271bf27901dfcb3fe8d67c52c907b2bb7afca,0x0584ca5e6c86f8040ed149cbcc2dabcc03084554
59,0xdb8b35ca4c5681623f30a90d803edc9894d12c9e,0x6778118f26f37747c87aca56dec41806783d1951
60,0x9a376c8e244cdbb07eb7856da3cac7f5794b58fa,0xde639a0031a60fcdc248307b7158e2bd708b2aae
61,0x3cc9063e7ac5fa8345e1f59bc32a470ccd30ca6d,0x4e1405d7e9d246395bf1900182b50c954c7d0b71
62,0xc3f498aea35d385dc9ca5b3e1f9dbc6fe3966567,0x46bc840a680b7dea672a3f976379eac1d837994b
63,0xf94e5cdf41247e268d4847c30a0dc2893b33e85d,0x8284d69d095f1c34cd53f20b787a18fdd70490a0
64,0x62cf5116b279a781027be20e3f7c7edbd336e386,0x5df7f1fd0f379fbe5072cef163a578fed1d89f8f
65,0x4b6ff2aa687c4fc90f7fcf3c266dc2c7400aef31,0xc030651ca113c9a0ab21389e8dda78692123dbd8
66,0x53e0b897eae600b2f6855fce4a42482e9229d2c2,0x2bfc6b12754acd76be37fcec9f17a7605cbfa828
67,0x34780a82f9fe8f2b07a941ab0c36b696681135f8,0xfbf6cb3eed1bebd09556e7c3821357fe9368959a
68,0xa5eb08836212552fc5fd696023f4bf112f5232ec,0xc7c1bba80eb8d6822fd7f733631dbdd03ffe4b60
69,0x21672a6771f2f0a5d4710ec468bb28dc148eb61d,0x74ef70357ef21bad2b45795679f2727c48d501ed
70,0xb23e13c42a6530e904ab08f0b35a57040139a2de,0xa8b6953f03b0108f54e144f91966863233ce3a87
71,0xd8da6bf26964af9d7eed9e03e53415d37aa96045,0xa00ea234831de1044ecf01f45311b8feb695e361
72,0x452e6805a4b3c8abb26f25e75a563270edb0df6b,0x3ffbf94ed08f583593b25939f6b5a56bf3dd749a
73,0x654f34a7d22b0dc5e8dc75ddc5f949811d7180cd,0xbbfcbf2d1964684765b55c8cd63e52be8a4364f3
74,0xc1cd31c394edc5c648dc376a51d43e4f9ad2465c,0xbf7db386ba18184b91d2b98e13f25ddebc096f1c
75,0x01e7f16e17c50d070eb66787f25ce3be405d6038,0xd2091c6c80d659f4a0362c66fc7a9bc121241d4c
